{
  "0": {
    "final_return_ma": 429.1863098144531,
    "strength": -213.813720703125,
    "max_strength": 135.125,
    "final_strength": 135.125,
    "sample_efficiency": 5.286079795041587e-05,
    "training_efficiency": 0.0,
    "stability": 0.9606100302189589,
    "consistency": 1.4398695632961251,
    "agent.0.net.fc_hid_layers": 32,
    "agent.0.net.batch_norm": true,
    "agent.0.net.lr": 0.027070855263075976,
    "agent.0.net.gamma": 0.99
  },
  "1": {
    "final_return_ma": 486.29168701171875,
    "strength": -156.7083282470703,
    "max_strength": 225.75,
    "final_strength": 225.75,
    "sample_efficiency": 7.144318078644574e-05,
    "training_efficiency": 0.0,
    "stability": 0.9233057498931885,
    "consistency": 1.0,
    "agent.0.net.fc_hid_layers": 64,
    "agent.0.net.batch_norm": false,
    "agent.0.net.lr": 0.046950372786798776,
    "agent.0.net.gamma": 0.99
  },
  "2": {
    "final_return_ma": 475.3439483642578,
    "strength": -167.65606689453125,
    "max_strength": 53.875,
    "final_strength": 53.875,
    "sample_efficiency": 5.6021193813649006e-05,
    "training_efficiency": 0.0,
    "stability": 0.9679821152240038,
    "consistency": 1.6661583561143543,
    "agent.0.net.fc_hid_layers": 32,
    "agent.0.net.batch_norm": false,
    "agent.0.net.lr": 0.04252943556045425,
    "agent.0.net.gamma": 0.9
  },
  "3": {
    "final_return_ma": 471.2237243652344,
    "strength": -171.77625274658203,
    "max_strength": 300.125,
    "final_strength": 300.125,
    "sample_efficiency": 6.423175727832131e-05,
    "training_efficiency": 0.0,
    "stability": 0.998160052113235,
    "consistency": 1.663359748128044,
    "agent.0.net.fc_hid_layers": 32,
    "agent.0.net.batch_norm": false,
    "agent.0.net.lr": 0.04713065993158707,
    "agent.0.net.gamma": 0
  },
  "4": {
    "final_return_ma": 502.38330078125,
    "strength": -140.61668968200684,
    "max_strength": 100.75,
    "final_strength": 44.5,
    "sample_efficiency": -0.00011814692152256612,
    "training_efficiency": 0.0,
    "stability": -0.7335562123917043,
    "consistency": 4.3075816975307575,
    "agent.0.net.fc_hid_layers": 32,
    "agent.0.net.batch_norm": true,
    "agent.0.net.lr": 0.024969947843509924,
    "agent.0.net.gamma": 0
  },
  "5": {
    "final_return_ma": 465.28990173339844,
    "strength": -177.71009063720703,
    "max_strength": 85.75,
    "final_strength": -21.125,
    "sample_efficiency": 5.768919982074294e-05,
    "training_efficiency": 0.0,
    "stability": 0.8788751028478146,
    "consistency": 2.1284579328865734,
    "agent.0.net.fc_hid_layers": 32,
    "agent.0.net.batch_norm": true,
    "agent.0.net.lr": 0.0010425824393412713,
    "agent.0.net.gamma": 1
  },
  "6": {
    "final_return_ma": 516.4911041259766,
    "strength": -126.5089340209961,
    "max_strength": 219.70834350585938,
    "final_strength": 122.625,
    "sample_efficiency": 7.554244803031906e-05,
    "training_efficiency": 0.0,
    "stability": 0.8925378695130348,
    "consistency": 2.2060423528013207,
    "agent.0.net.fc_hid_layers": 32,
    "agent.0.net.batch_norm": false,
    "agent.0.net.lr": 0.009339801680052204,
    "agent.0.net.gamma": 1
  },
  "7": {
    "final_return_ma": 434.83050537109375,
    "strength": -208.16952514648438,
    "max_strength": 70.33331298828125,
    "final_strength": 70.33331298828125,
    "sample_efficiency": 5.075332592241466e-05,
    "training_efficiency": 0.0,
    "stability": 0.9749788828194141,
    "consistency": 1.0,
    "agent.0.net.fc_hid_layers": 64,
    "agent.0.net.batch_norm": true,
    "agent.0.net.lr": 0.021066700986360484,
    "agent.0.net.gamma": 0.99
  },
  "8": {
    "final_return_ma": 438.6103973388672,
    "strength": -204.3896026611328,
    "max_strength": 66.375,
    "final_strength": 28.875,
    "sample_efficiency": 4.896599239145871e-05,
    "training_efficiency": 0.0,
    "stability": 0.9551455871551298,
    "consistency": 1.5145309269847496,
    "agent.0.net.fc_hid_layers": 32,
    "agent.0.net.batch_norm": true,
    "agent.0.net.lr": 0.023928474788098737,
    "agent.0.net.gamma": 0.99
  },
  "9": {
    "final_return_ma": 429.4371643066406,
    "strength": -213.56283569335938,
    "max_strength": 7.0,
    "final_strength": -14.875,
    "sample_efficiency": 5.179769686947111e-05,
    "training_efficiency": 0.0,
    "stability": 0.9486435614526272,
    "consistency": 1.3895596176019436,
    "agent.0.net.fc_hid_layers": 32,
    "agent.0.net.batch_norm": false,
    "agent.0.net.lr": 0.005078125987235375,
    "agent.0.net.gamma": 0.99
  }
}