{
  "agent": [
    {
      "name": "PPO",
      "algorithm": {
        "name": "PPO",
        "action_pdtype": "Categorical",
        "action_policy": "default",
        "center_return": true,
        "gamma": 0.99,
        "lam": 0.9500000000000001,
        "clip_eps_spec": {
          "name": "no_decay",
          "start_val": 0.1,
          "end_val": 0.1,
          "start_step": 0,
          "end_step": 0
        },
        "entropy_coef_spec": {
          "name": "no_decay",
          "start_val": 0.01,
          "end_val": 0.01,
          "start_step": 0,
          "end_step": 0
        },
        "val_loss_coef": 0.5,
        "time_horizon": 128,
        "minibatch_size": 128,
        "training_epoch": 4
      },
      "memory": {
        "name": "OnPolicyBatchReplay"
      },
      "net": {
        "type": "ConvNet",
        "shared": true,
        "conv_hid_layers": [
          [
            32,
            8,
            4,
            0,
            1
          ],
          [
            64,
            4,
            2,
            0,
            1
          ],
          [
            32,
            3,
            1,
            0,
            1
          ]
        ],
        "fc_hid_layers": [
          512
        ],
        "hid_layers_activation": "relu",
        "init_fn": "orthogonal_",
        "normalize": true,
        "batch_norm": false,
        "clip_grad_val": 0.5,
        "use_same_optim": false,
        "loss_spec": {
          "name": "MSELoss"
        },
        "actor_optim_spec": {
          "name": "Adam",
          "lr": 0.0001
        },
        "critic_optim_spec": {
          "name": "Adam",
          "lr": 0.0001
        },
        "lr_scheduler_spec": null,
        "gpu": true
      }
    }
  ],
  "env": [
    {
      "name": "WizardOfWor-v0",
      "max_t": null,
      "max_frame": 1000000,
      "frame_op": "concat",
      "frame_op_len": 4,
      "reward_scale": "sign",
      "num_envs": 8
    }
  ],
  "body": {
    "product": "outer",
    "num": 1
  },
  "meta": {
    "distributed": false,
    "eval_frequency": 5000,
    "max_session": 2,
    "max_trial": 1,
    "rigorous_eval": 0,
    "experiment": -1,
    "trial": -1,
    "session": -1,
    "cuda_offset": 0,
    "resume": false,
    "experiment_ts": "2021_06_17_221433",
    "prepath": null,
    "git_sha": "a31aefc43fd1ab5e531676d86e5dd2e25c4f7101",
    "random_seed": null
  },
  "name": "PPO"
}