{
  "agent": [
    {
      "name": "Reinforce",
      "algorithm": {
        "name": "Reinforce",
        "action_pdtype": "default",
        "action_policy": "epsilon_greedy",
        "center_return": true,
        "explore_var_spec": {
          "name": "linear_decay",
          "start_value": 1.0,
          "end_val": 0.01,
          "start_step": 0,
          "end_step": 50000
        },
        "gamma": 0.9,
        "entropy_coef_spec": {
          "name": "linear_decay",
          "start_val": 0.01,
          "end_val": 0.001,
          "start_step": 0,
          "end_step": 20000
        },
        "training_frequency": 32
      },
      "memory": {
        "name": "OnPolicyBatchReplay"
      },
      "net": {
        "type": "ConvNet",
        "shared": true,
        "conv_hid_layers": [
          [
            32,
            8,
            4,
            0,
            1
          ],
          [
            64,
            4,
            2,
            0,
            1
          ],
          [
            32,
            3,
            1,
            0,
            1
          ]
        ],
        "fc_hid_layers": [
          512
        ],
        "hid_layers_activation": "relu",
        "out_layer_activation": "tanh",
        "init_fn": null,
        "normalize": true,
        "batch_norm": false,
        "clip_grad_val": 0.5,
        "loss_spec": {
          "name": "MSELoss"
        },
        "optim_spec": {
          "name": "Adam",
          "lr": 0.0001
        },
        "lr_scheduler_spec": null,
        "update_type": "replace",
        "update_frequency": 1000,
        "gpu": true,
        "cuda_id": 0
      }
    }
  ],
  "env": [
    {
      "name": "WizardOfWor-v0",
      "max_t": null,
      "max_frame": 1000000,
      "frame_op": "concat",
      "frame_op_len": 4,
      "reward_scale": "sign",
      "num_envs": 8
    }
  ],
  "body": {
    "product": "outer",
    "num": 1
  },
  "meta": {
    "distributed": false,
    "eval_frequency": 5000,
    "max_session": 4,
    "max_trial": 1,
    "rigorous_eval": 0,
    "experiment": 0,
    "trial": 0,
    "session": 2,
    "cuda_offset": 0,
    "resume": false,
    "experiment_ts": "2021_06_15_214420",
    "prepath": "data/Reinforce_2021_06_15_214420/Reinforce_t0_s2",
    "git_sha": "a31aefc43fd1ab5e531676d86e5dd2e25c4f7101",
    "random_seed": 1623784662,
    "graph_prepath": "data/Reinforce_2021_06_15_214420/graph/Reinforce_t0_s2",
    "info_prepath": "data/Reinforce_2021_06_15_214420/info/Reinforce_t0_s2",
    "log_prepath": "data/Reinforce_2021_06_15_214420/log/Reinforce_t0_s2",
    "model_prepath": "data/Reinforce_2021_06_15_214420/model/Reinforce_t0_s2"
  },
  "name": "Reinforce"
}