{
  "agent": [
    {
      "name": "A2C_gae",
      "algorithm": {
        "name": "ActorCritic",
        "action_pdtype": "Categorical",
        "action_policy": "default",
        "center_return": true,
        "gamma": 0.99,
        "lam": 0.9,
        "num_step_returns": null,
        "entropy_coef_spec": {
          "name": "no_decay",
          "start_val": 0.01,
          "end_val": 0.01,
          "start_step": 0,
          "end_step": 0
        },
        "val_loss_coef": 0.5,
        "training_frequency": 5
      },
      "memory": {
        "name": "OnPolicyBatchReplay"
      },
      "net": {
        "type": "ConvNet",
        "shared": true,
        "conv_hid_layers": [
          [
            32,
            8,
            4,
            0,
            1
          ],
          [
            64,
            4,
            2,
            0,
            1
          ],
          [
            32,
            3,
            1,
            0,
            1
          ]
        ],
        "fc_hid_layers": [
          512
        ],
        "hid_layers_activation": "relu",
        "init_fn": "orthogonal_",
        "normalize": true,
        "batch_norm": false,
        "clip_grad_val": 10.0,
        "use_same_optim": false,
        "loss_spec": {
          "name": "MSELoss"
        },
        "actor_optim_spec": {
          "name": "Adam",
          "lr": 0.0001
        },
        "critic_optim_spec": {
          "name": "Adam",
          "lr": 0.0001
        },
        "lr_scheduler_spec": null,
        "gpu": true,
        "cuda_id": null
      }
    }
  ],
  "env": [
    {
      "name": "WizardOfWor-v0",
      "max_t": null,
      "max_frame": 1000000,
      "frame_op": "concat",
      "frame_op_len": 4,
      "reward_scale": "sign",
      "num_envs": 8
    }
  ],
  "body": {
    "product": "outer",
    "num": 1
  },
  "meta": {
    "distributed": false,
    "eval_frequency": 5000,
    "max_session": 4,
    "max_trial": 1,
    "rigorous_eval": 0,
    "experiment": 0,
    "trial": 0,
    "session": 1,
    "cuda_offset": 0,
    "resume": false,
    "experiment_ts": "2021_06_17_170441",
    "prepath": "data/A2C_gae_2021_06_17_170441/A2C_gae_t0_s1",
    "git_sha": "faca82c00c51a993e1773e115d5528ffb7ad4ade",
    "random_seed": 1623939685,
    "graph_prepath": "data/A2C_gae_2021_06_17_170441/graph/A2C_gae_t0_s1",
    "info_prepath": "data/A2C_gae_2021_06_17_170441/info/A2C_gae_t0_s1",
    "log_prepath": "data/A2C_gae_2021_06_17_170441/log/A2C_gae_t0_s1",
    "model_prepath": "data/A2C_gae_2021_06_17_170441/model/A2C_gae_t0_s1"
  },
  "name": "A2C_gae"
}