{
  "agent": [
    {
      "name": "DDQN",
      "algorithm": {
        "name": "DoubleDQN",
        "action_pdtype": "Categorical",
        "action_policy": "epsilon_greedy",
        "center_return": true,
        "explore_var_spec": {
          "name": "linear_decay",
          "start_value": 1.0,
          "end_val": 0.01,
          "start_step": 10000,
          "end_step": 1000000
        },
        "gamma": 0.99,
        "training_frequency": 32,
        "training_iter": 4,
        "training_batch_iter": 1,
        "training_start_step": 10000
      },
      "memory": {
        "name": "PrioritizedReplay",
        "batch_size": 32,
        "max_size": 10000,
        "use_cer": false,
        "epsilon": 10000.0,
        "alpha": 0.6000000000000001
      },
      "net": {
        "type": "ConvNet",
        "shared": true,
        "conv_hid_layers": [
          [
            32,
            8,
            4,
            0,
            1
          ],
          [
            64,
            4,
            2,
            0,
            1
          ],
          [
            32,
            3,
            1,
            0,
            1
          ]
        ],
        "fc_hid_layers": [
          512
        ],
        "hid_layers_activation": "relu",
        "out_layer_activation": "softmax",
        "init_fn": null,
        "normalize": true,
        "batch_norm": false,
        "clip_grad_val": 10.0,
        "loss_spec": {
          "name": "SmoothL1Loss"
        },
        "optim_spec": {
          "name": "Adam",
          "lr": 0.0001
        },
        "lr_scheduler_spec": null,
        "update_type": "replace",
        "update_frequency": 1000,
        "gpu": true,
        "cuda_id": 0
      }
    }
  ],
  "env": [
    {
      "name": "WizardOfWor-v0",
      "max_t": null,
      "max_frame": 1000000,
      "frame_op": "concat",
      "frame_op_len": 4,
      "reward_scale": "sign",
      "num_envs": 8
    }
  ],
  "body": {
    "product": "outer",
    "num": 1
  },
  "meta": {
    "distributed": false,
    "eval_frequency": 5000,
    "max_session": 4,
    "max_trial": 1,
    "rigorous_eval": 0,
    "experiment": 0,
    "trial": 0,
    "session": 1,
    "cuda_offset": 0,
    "resume": false,
    "experiment_ts": "2021_06_17_031227",
    "prepath": "data/DDQN_PrioritizedReplay_2021_06_17_031227/DDQN_PrioritizedReplay_t0_s1",
    "git_sha": "a31aefc43fd1ab5e531676d86e5dd2e25c4f7101",
    "random_seed": 1623889749,
    "graph_prepath": "data/DDQN_PrioritizedReplay_2021_06_17_031227/graph/DDQN_PrioritizedReplay_t0_s1",
    "info_prepath": "data/DDQN_PrioritizedReplay_2021_06_17_031227/info/DDQN_PrioritizedReplay_t0_s1",
    "log_prepath": "data/DDQN_PrioritizedReplay_2021_06_17_031227/log/DDQN_PrioritizedReplay_t0_s1",
    "model_prepath": "data/DDQN_PrioritizedReplay_2021_06_17_031227/model/DDQN_PrioritizedReplay_t0_s1"
  },
  "name": "DDQN_PrioritizedReplay"
}